{
  "x_mean": [
    0.08105047792196274,
    0.918949544429779,
    0.4999966621398926,
    0.06574374437332153,
    0.2693268358707428,
    0.16346633434295654,
    0.16106192767620087,
    0.16274036467075348,
    0.08319179713726044,
    0.07916225492954254,
    0.08105047792196274,
    0.540651798248291,
    0.4594714343547821,
    0.4386668801307678,
    0.5941087007522583,
    0.49966469407081604,
    0.09476607292890549
  ],
  "x_std": [
    0.27266815304756165,
    0.27266815304756165,
    0.29341182112693787,
    0.06189870834350586,
    0.4442695677280426,
    0.37008315324783325,
    0.3676377534866333,
    0.36961236596107483,
    0.2764890491962433,
    0.269571453332901,
    0.27266815304756165,
    0.24347855150699615,
    0.31298312544822693,
    0.3961208462715149,
    1.4787461757659912,
    0.35067909955978394,
    0.2563869059085846
  ],
  "g_mean": [
    61.78641891479492,
    128.623046875,
    5.007818698883057,
    56.778602600097656,
    46.7473258972168,
    10.031275749206543,
    56.778602600097656,
    7.246618747711182,
    -2.316155195236206,
    3.3759260177612305,
    0.0009999651229009032,
    100.0,
    165.74073791503906,
    8.0
  ],
  "g_std": [
    36.93266296386719,
    83.9786605834961,
    1.528028130531311,
    36.20644760131836,
    30.459758758544922,
    7.034472465515137,
    36.20644760131836,
    3.6142325401306152,
    3.304013967514038,
    2.344146966934204,
    3.492339928357069e-08,
    1.0,
    118.17379760742188,
    1.0
  ]
}